E0,2019-08-09T20:00:00.000Z,Liverpool,Norwich,4,1,H,4,0,H,M Oliver,15,12,7,5,9,9,11,2,0,2,0,0
E0,2019-08-10T12:30:00.000Z,West Ham,Man City,0,5,A,0,1,A,M Dean,5,14,3,9,6,13,1,1,2,2,0,0
E0,2019-08-10T15:00:00.000Z,Bournemouth,Sheffield United,1,1,D,0,0,D,K Friend,13,8,3,3,10,19,3,4,2,1,0,0
E0,2019-08-10T15:00:00.000Z,Burnley,Southampton,3,0,H,0,0,D,G Scott,10,11,4,3,6,12,2,7,0,0,0,0
E0,2019-08-10T15:00:00.000Z,Crystal Palace,Everton,0,0,D,0,0,D,J Moss,6,10,2,3,16,14,6,2,2,1,0,1
E0,2019-08-10T15:00:00.000Z,Watford,Brighton,0,3,A,0,1,A,C Pawson,11,5,3,3,15,11,5,2,0,1,0,0
E0,2019-08-10T17:30:00.000Z,Tottenham,Aston Villa,3,1,H,0,1,A,C Kavanagh,31,7,7,4,13,9,14,0,1,0,0,0
E0,2019-08-11T14:00:00.000Z,Leicester,Wolves,0,0,D,0,0,D,A Marriner,15,8,1,2,3,13,12,3,0,2,0,0
E0,2019-08-11T14:00:00.000Z,Newcastle,Arsenal,0,1,A,0,0,D,M Atkinson,9,8,2,2,12,7,5,3,1,3,0,0
E0,2019-08-11T16:30:00.000Z,Man United,Chelsea,4,0,H,1,0,H,A Taylor,11,18,5,7,15,13,3,5,3,4,0,0
E0,2019-08-17T12:30:00.000Z,Arsenal,Burnley,2,1,H,1,1,D,M Dean,16,18,9,5,13,11,10,7,2,1,0,0
E0,2019-08-17T15:00:00.000Z,Aston Villa,Bournemouth,1,2,A,0,2,A,M Atkinson,22,12,7,4,10,13,10,5,0,2,0,0
E0,2019-08-17T15:00:00.000Z,Brighton,West Ham,1,1,D,0,0,D,A Taylor,16,8,4,3,11,10,8,6,0,2,0,0
E0,2019-08-17T15:00:00.000Z,Everton,Watford,1,0,H,1,0,H,L Mason,12,8,2,2,11,11,4,7,2,3,0,0
E0,2019-08-17T15:00:00.000Z,Norwich,Newcastle,3,1,H,1,0,H,S Attwell,15,10,8,3,9,11,7,5,1,3,0,0
E0,2019-08-17T15:00:00.000Z,Southampton,Liverpool,1,2,A,0,1,A,A Marriner,14,15,3,6,10,6,5,9,2,1,0,0
E0,2019-08-17T17:30:00.000Z,Man City,Tottenham,2,2,D,2,1,H,M Oliver,30,3,10,2,14,4,13,2,1,0,0,0
E0,2019-08-18T14:00:00.000Z,Sheffield United,Crystal Palace,1,0,H,0,0,D,D Coote,15,6,3,4,16,11,8,4,3,1,0,0
E0,2019-08-18T16:30:00.000Z,Chelsea,Leicester,1,1,D,1,0,H,O Langford,14,12,5,3,9,14,4,5,1,0,0,0
E0,2019-08-19T20:00:00.000Z,Wolves,Man United,1,1,D,0,1,A,J Moss,6,9,2,2,17,8,4,6,2,2,0,0
E0,2019-08-23T20:00:00.000Z,Aston Villa,Everton,2,0,H,1,0,H,M Oliver,7,12,3,1,10,18,0,6,2,3,0,0
E0,2019-08-24T12:30:00.000Z,Norwich,Chelsea,2,3,A,2,2,D,M Atkinson,6,23,5,8,9,9,1,8,1,1,0,0
E0,2019-08-24T15:00:00.000Z,Brighton,Southampton,0,2,A,0,0,D,K Friend,12,12,3,4,9,10,8,5,1,3,1,0
E0,2019-08-24T15:00:00.000Z,Man United,Crystal Palace,1,2,A,0,1,A,P Tierney,22,5,3,3,8,18,8,1,2,4,0,0
E0,2019-08-24T15:00:00.000Z,Sheffield United,Leicester,1,2,A,0,1,A,A Madley,8,10,3,2,11,6,7,4,1,0,0,0
E0,2019-08-24T15:00:00.000Z,Watford,West Ham,1,3,A,1,1,D,C Kavanagh,23,16,3,10,12,11,8,7,1,1,0,0
E0,2019-08-24T17:30:00.000Z,Liverpool,Arsenal,3,1,H,1,0,H,A Taylor,25,9,5,3,8,5,6,4,1,1,0,0
E0,2019-08-25T14:00:00.000Z,Bournemouth,Man City,1,3,A,1,2,A,A Marriner,10,19,7,5,7,13,4,5,1,3,0,0
E0,2019-08-25T16:30:00.000Z,Tottenham,Newcastle,0,1,A,0,1,A,M Dean,17,8,2,3,10,5,6,6,2,2,0,0
E0,2019-08-25T16:30:00.000Z,Wolves,Burnley,1,1,D,0,1,A,C Pawson,17,13,2,4,9,11,4,3,0,2,0,0
E0,2019-08-31T12:30:00.000Z,Southampton,Man United,1,1,D,0,1,A,M Dean,10,21,2,8,17,7,2,3,1,2,1,0
E0,2019-08-31T15:00:00.000Z,Chelsea,Sheffield United,2,2,D,2,0,H,S Attwell,13,8,5,2,6,11,3,4,0,1,0,0
E0,2019-08-31T15:00:00.000Z,Crystal Palace,Aston Villa,1,0,H,0,0,D,K Friend,22,10,5,2,15,16,13,2,2,4,0,1
E0,2019-08-31T15:00:00.000Z,Leicester,Bournemouth,3,1,H,2,1,H,P Bankes,13,8,5,2,9,11,4,5,1,3,0,0
E0,2019-08-31T15:00:00.000Z,Man City,Brighton,4,0,H,2,0,H,J Moss,15,6,6,2,10,6,8,1,1,1,0,0
E0,2019-08-31T15:00:00.000Z,Newcastle,Watford,1,1,D,1,1,D,G Scott,13,13,5,3,5,11,6,5,2,3,0,0
E0,2019-08-31T15:00:00.000Z,West Ham,Norwich,2,0,H,1,0,H,P Tierney,18,8,8,3,16,10,8,2,2,1,0,0
E0,2019-08-31T17:30:00.000Z,Burnley,Liverpool,0,3,A,0,2,A,C Kavanagh,7,15,2,7,10,16,6,4,0,0,0,0
E0,2019-09-01T14:00:00.000Z,Everton,Wolves,3,2,H,2,1,H,A Taylor,15,8,6,5,12,12,7,7,1,4,0,1
E0,2019-09-01T16:30:00.000Z,Arsenal,Tottenham,2,2,D,1,2,A,M Atkinson,26,13,8,9,13,19,11,6,3,5,0,0
E0,2019-09-14T12:30:00.000Z,Liverpool,Newcastle,3,1,H,2,1,H,A Marriner,21,8,9,1,5,4,10,1,0,0,0,0
E0,2019-09-14T15:00:00.000Z,Brighton,Burnley,1,1,D,0,0,D,M Oliver,14,7,5,1,13,7,3,6,0,2,0,0
E0,2019-09-14T15:00:00.000Z,Man United,Leicester,1,0,H,1,0,H,M Atkinson,10,9,5,3,14,14,3,9,1,2,0,0
E0,2019-09-14T15:00:00.000Z,Sheffield United,Southampton,0,1,A,0,0,D,L Mason,17,11,4,7,10,7,12,6,1,1,1,0
E0,2019-09-14T15:00:00.000Z,Tottenham,Crystal Palace,4,0,H,4,0,H,C Pawson,13,11,5,6,19,11,4,3,4,2,0,0
E0,2019-09-14T15:00:00.000Z,Wolves,Chelsea,2,5,A,0,3,A,G Scott,11,15,4,6,8,11,7,5,1,2,0,0
E0,2019-09-14T17:30:00.000Z,Norwich,Man City,3,2,H,2,1,H,K Friend,7,25,3,8,8,7,3,16,3,1,0,0
E0,2019-09-15T14:00:00.000Z,Bournemouth,Everton,3,1,H,1,1,D,P Tierney,13,14,6,5,5,14,7,7,0,4,0,0
E0,2019-09-15T16:30:00.000Z,Watford,Arsenal,2,2,D,0,2,A,A Taylor,31,10,7,4,14,4,7,1,3,3,0,0
E0,2019-09-16T20:00:00.000Z,Aston Villa,West Ham,0,0,D,0,0,D,M Dean,10,13,5,1,13,12,2,4,2,1,0,1
E0,2019-09-20T20:00:00.000Z,Southampton,Bournemouth,1,3,A,0,2,A,C Kavanagh,25,6,6,3,8,9,4,5,1,3,0,0
E0,2019-09-21T12:30:00.000Z,Leicester,Tottenham,2,1,H,0,1,A,P Tierney,16,11,7,4,16,13,8,2,1,2,0,0
E0,2019-09-21T15:00:00.000Z,Burnley,Norwich,2,0,H,2,0,H,D Coote,13,11,6,2,11,10,7,3,0,1,0,0
E0,2019-09-21T15:00:00.000Z,Everton,Sheffield United,0,2,A,0,1,A,S Hooper,16,2,3,1,9,9,12,3,1,3,0,0
E0,2019-09-21T15:00:00.000Z,Man City,Watford,8,0,H,5,0,H,M Dean,28,5,11,4,5,9,5,4,2,2,0,0
E0,2019-09-21T17:30:00.000Z,Newcastle,Brighton,0,0,D,0,0,D,M Atkinson,11,16,4,3,12,8,5,3,2,1,0,0
E0,2019-09-22T14:00:00.000Z,Crystal Palace,Wolves,1,1,D,0,0,D,S Attwell,13,14,4,4,7,10,6,7,2,1,0,1
E0,2019-09-22T14:00:00.000Z,West Ham,Man United,2,0,H,1,0,H,A Taylor,8,9,6,3,8,9,3,7,2,2,0,0
E0,2019-09-22T16:30:00.000Z,Arsenal,Aston Villa,3,2,H,0,1,A,J Moss,21,14,6,9,13,15,9,4,5,1,1,0
E0,2019-09-22T16:30:00.000Z,Chelsea,Liverpool,1,2,A,0,2,A,M Oliver,13,6,2,3,8,13,6,4,3,3,0,0
E0,2019-09-28T12:30:00.000Z,Sheffield United,Liverpool,0,1,A,0,0,D,A Taylor,12,16,2,4,8,4,6,5,1,1,0,0
E0,2019-09-28T15:00:00.000Z,Aston Villa,Burnley,2,2,D,1,0,H,L Mason,16,10,3,3,10,16,7,3,1,4,0,0
E0,2019-09-28T15:00:00.000Z,Bournemouth,West Ham,2,2,D,1,1,D,S Attwell,13,17,5,6,7,8,6,6,3,1,0,0
E0,2019-09-28T15:00:00.000Z,Chelsea,Brighton,2,0,H,0,0,D,C Kavanagh,24,8,10,1,5,13,5,2,2,3,0,0
E0,2019-09-28T15:00:00.000Z,Crystal Palace,Norwich,2,0,H,1,0,H,J Moss,15,10,3,3,14,10,5,5,3,1,0,0
E0,2019-09-28T15:00:00.000Z,Tottenham,Southampton,2,1,H,2,1,H,G Scott,9,14,4,6,5,16,6,6,0,2,1,0
E0,2019-09-28T15:00:00.000Z,Wolves,Watford,2,0,H,1,0,H,P Tierney,6,14,2,5,5,6,1,6,0,1,0,0
E0,2019-09-28T17:30:00.000Z,Everton,Man City,1,3,A,1,1,D,M Oliver,12,20,8,9,4,8,5,2,2,2,0,0
E0,2019-09-29T16:30:00.000Z,Leicester,Newcastle,5,0,H,1,0,H,C Pawson,13,3,5,0,12,9,9,0,1,1,0,1
E0,2019-09-30T20:00:00.000Z,Man United,Arsenal,1,1,D,1,0,H,K Friend,16,10,4,5,18,13,8,7,4,2,0,0
E0,2019-10-05T12:30:00.000Z,Brighton,Tottenham,3,0,H,2,0,H,J Moss,17,8,6,3,11,7,4,4,2,1,0,0
E0,2019-10-05T15:00:00.000Z,Burnley,Everton,1,0,H,0,0,D,G Scott,9,11,3,2,5,12,7,9,2,1,0,1
E0,2019-10-05T15:00:00.000Z,Liverpool,Leicester,2,1,H,1,0,H,C Kavanagh,18,2,8,1,9,17,4,6,1,4,0,0
E0,2019-10-05T15:00:00.000Z,Norwich,Aston Villa,1,5,A,0,2,A,A Madley,21,22,5,12,14,17,10,6,1,3,0,0
E0,2019-10-05T15:00:00.000Z,Watford,Sheffield United,0,0,D,0,0,D,A Marriner,8,9,2,3,7,6,7,7,0,2,0,0
E0,2019-10-05T17:30:00.000Z,West Ham,Crystal Palace,1,2,A,0,0,D,M Oliver,9,7,4,4,11,7,2,2,3,2,0,0
E0,2019-10-06T14:00:00.000Z,Arsenal,Bournemouth,1,0,H,1,0,H,M Atkinson,12,10,2,2,12,6,14,5,1,2,0,0
E0,2019-10-06T14:00:00.000Z,Man City,Wolves,0,2,A,0,0,D,C Pawson,18,7,2,2,11,14,9,1,5,2,0,0
E0,2019-10-06T14:00:00.000Z,Southampton,Chelsea,1,4,A,1,3,A,P Tierney,10,13,3,7,8,15,3,4,0,1,0,0
E0,2019-10-06T16:30:00.000Z,Newcastle,Man United,1,0,H,0,0,D,M Dean,12,12,2,3,12,10,4,6,3,3,0,0
E0,2019-10-19T12:30:00.000Z,Everton,West Ham,2,0,H,1,0,H,P Tierney,19,8,10,4,15,15,11,2,2,2,0,0
E0,2019-10-19T15:00:00.000Z,Aston Villa,Brighton,2,1,H,1,1,D,D Coote,24,20,8,5,9,17,7,5,1,2,0,1
E0,2019-10-19T15:00:00.000Z,Bournemouth,Norwich,0,0,D,0,0,D,L Mason,11,10,2,1,8,11,6,7,1,3,0,0
E0,2019-10-19T15:00:00.000Z,Chelsea,Newcastle,1,0,H,0,0,D,A Marriner,16,5,8,0,9,12,11,0,2,1,0,0
E0,2019-10-19T15:00:00.000Z,Leicester,Burnley,2,1,H,1,1,D,J Moss,19,13,3,4,4,10,9,4,0,3,0,0
E0,2019-10-19T15:00:00.000Z,Tottenham,Watford,1,1,D,0,1,A,C Kavanagh,12,7,2,2,5,9,11,2,4,3,0,0
E0,2019-10-19T15:00:00.000Z,Wolves,Southampton,1,1,D,0,0,D,P Bankes,4,14,1,5,10,17,1,3,3,2,0,0
E0,2019-10-19T17:30:00.000Z,Crystal Palace,Man City,0,2,A,0,2,A,A Taylor,7,21,2,10,8,10,1,8,1,1,0,0
E0,2019-10-20T16:30:00.000Z,Man United,Liverpool,1,1,D,1,0,H,M Atkinson,7,10,2,4,6,14,3,1,0,1,0,0
E0,2019-10-21T20:00:00.000Z,Sheffield United,Arsenal,1,0,H,1,0,H,M Dean,8,9,2,3,10,12,7,12,4,4,0,0
E0,2019-10-25T20:00:00.000Z,Southampton,Leicester,0,9,A,0,5,A,A Marriner,6,25,3,15,3,12,2,7,0,0,1,0
E0,2019-10-26T12:30:00.000Z,Man City,Aston Villa,3,0,H,0,0,D,G Scott,25,11,9,5,10,5,13,7,1,1,1,0
E0,2019-10-26T15:00:00.000Z,Brighton,Everton,3,2,H,1,1,D,A Madley,8,10,4,6,12,12,0,5,2,1,0,0
E0,2019-10-26T15:00:00.000Z,Watford,Bournemouth,0,0,D,0,0,D,M Dean,7,15,3,5,14,8,5,10,5,3,0,0
E0,2019-10-26T15:00:00.000Z,West Ham,Sheffield United,1,1,D,1,0,H,D Coote,12,10,4,4,7,10,10,4,2,2,0,0
E0,2019-10-26T17:30:00.000Z,Burnley,Chelsea,2,4,A,0,2,A,M Oliver,13,16,5,7,7,8,5,6,3,2,0,0
E0,2019-10-27T14:00:00.000Z,Newcastle,Wolves,1,1,D,1,0,H,K Friend,13,13,2,5,8,15,3,6,2,2,1,0
E0,2019-10-27T16:30:00.000Z,Arsenal,Crystal Palace,2,2,D,2,1,H,M Atkinson,15,10,6,4,18,9,12,5,2,0,0,0
E0,2019-10-27T16:30:00.000Z,Liverpool,Tottenham,2,1,H,0,1,A,A Taylor,21,11,13,4,9,11,8,3,3,3,0,0
E0,2019-10-27T16:30:00.000Z,Norwich,Man United,1,3,A,0,2,A,S Attwell,10,21,3,11,13,10,1,10,2,2,0,0
E0,2019-11-02T12:30:00.000Z,Bournemouth,Man United,1,0,H,1,0,H,C Kavanagh,12,15,6,4,14,12,4,10,4,3,0,0
E0,2019-11-02T15:00:00.000Z,Arsenal,Wolves,1,1,D,1,0,H,M Oliver,10,25,4,8,6,15,8,9,0,2,0,0
E0,2019-11-02T15:00:00.000Z,Aston Villa,Liverpool,1,2,A,1,0,H,J Moss,5,25,2,6,12,9,2,10,1,2,0,0
E0,2019-11-02T15:00:00.000Z,Brighton,Norwich,2,0,H,0,0,D,K Friend,21,7,5,0,11,8,8,3,0,1,0,0
E0,2019-11-02T15:00:00.000Z,Man City,Southampton,2,1,H,0,1,A,L Mason,26,3,4,3,11,10,17,0,3,1,0,0
E0,2019-11-02T15:00:00.000Z,Sheffield United,Burnley,3,0,H,3,0,H,S Hooper,13,6,6,0,8,12,7,6,1,2,0,0
E0,2019-11-02T15:00:00.000Z,West Ham,Newcastle,2,3,A,0,2,A,S Attwell,16,12,6,9,10,7,7,3,2,1,0,0
E0,2019-11-02T17:30:00.000Z,Watford,Chelsea,1,2,A,0,1,A,A Taylor,12,16,3,10,8,5,1,6,4,2,0,0
E0,2019-11-03T14:00:00.000Z,Crystal Palace,Leicester,0,2,A,0,0,D,P Tierney,12,14,3,5,15,16,5,6,2,2,0,0
E0,2019-11-03T16:30:00.000Z,Everton,Tottenham,1,1,D,0,0,D,M Atkinson,7,4,3,2,9,8,5,2,1,2,0,1
E0,2019-11-08T20:00:00.000Z,Norwich,Watford,0,2,A,0,1,A,A Marriner,17,12,5,2,7,13,10,4,1,2,0,1
E0,2019-11-09T12:30:00.000Z,Chelsea,Crystal Palace,2,0,H,0,0,D,M Dean,23,3,5,1,9,17,7,0,3,2,0,0
E0,2019-11-09T15:00:00.000Z,Burnley,West Ham,3,0,H,2,0,H,K Friend,14,7,12,4,17,10,11,4,2,1,0,0
E0,2019-11-09T15:00:00.000Z,Newcastle,Bournemouth,2,1,H,1,1,D,M Atkinson,20,16,9,3,10,5,5,4,2,0,0,0
E0,2019-11-09T15:00:00.000Z,Southampton,Everton,1,2,A,0,1,A,P Tierney,4,24,3,5,12,12,5,9,1,1,0,0
E0,2019-11-09T15:00:00.000Z,Tottenham,Sheffield United,1,1,D,0,0,D,G Scott,17,14,5,4,6,9,4,4,2,2,0,0
E0,2019-11-09T17:30:00.000Z,Leicester,Arsenal,2,0,H,0,0,D,C Kavanagh,19,8,7,1,10,10,5,4,1,1,0,0
E0,2019-11-10T14:00:00.000Z,Man United,Brighton,3,1,H,2,0,H,J Moss,21,6,11,2,10,14,5,2,2,5,0,0
E0,2019-11-10T14:00:00.000Z,Wolves,Aston Villa,2,1,H,1,0,H,A Taylor,17,13,5,4,17,8,6,3,4,3,0,0
E0,2019-11-10T16:30:00.000Z,Liverpool,Man City,3,1,H,2,0,H,M Oliver,12,18,5,3,10,5,4,13,0,2,0,0
E0,2019-11-23T12:30:00.000Z,West Ham,Tottenham,2,3,A,0,2,A,M Oliver,11,15,4,6,12,14,3,7,3,2,0,0
E0,2019-11-23T15:00:00.000Z,Arsenal,Southampton,2,2,D,1,1,D,S Attwell,12,21,5,6,13,19,6,8,6,2,0,0
E0,2019-11-23T15:00:00.000Z,Bournemouth,Wolves,1,2,A,0,2,A,S Hooper,9,17,2,7,10,12,5,9,2,1,1,0
E0,2019-11-23T15:00:00.000Z,Brighton,Leicester,0,2,A,0,0,D,M Dean,7,19,0,9,9,1,6,7,2,0,0,0
E0,2019-11-23T15:00:00.000Z,Crystal Palace,Liverpool,1,2,A,0,0,D,K Friend,16,12,6,4,8,7,9,8,0,1,0,0
E0,2019-11-23T15:00:00.000Z,Everton,Norwich,0,2,A,0,0,D,A Taylor,18,13,7,5,12,11,7,7,3,5,0,0
E0,2019-11-23T15:00:00.000Z,Watford,Burnley,0,3,A,0,0,D,P Tierney,15,11,4,5,14,13,7,5,0,3,0,0
E0,2019-11-23T17:30:00.000Z,Man City,Chelsea,2,1,H,2,1,H,M Atkinson,15,11,4,2,5,9,8,2,1,1,0,0
E0,2019-11-24T16:30:00.000Z,Sheffield United,Man United,3,3,D,1,0,H,A Marriner,12,11,8,5,13,10,6,3,1,2,0,0
E0,2019-11-25T20:00:00.000Z,Aston Villa,Newcastle,2,0,H,2,0,H,L Mason,17,11,8,5,10,9,11,6,1,1,0,0
E0,2019-11-30T12:30:00.000Z,Newcastle,Man City,2,2,D,1,1,D,C Kavanagh,6,24,3,9,4,6,1,10,1,2,0,0
E0,2019-11-30T15:00:00.000Z,Burnley,Crystal Palace,0,2,A,0,1,A,P Bankes,15,7,4,2,13,10,5,6,2,0,0,0
E0,2019-11-30T15:00:00.000Z,Chelsea,West Ham,0,1,A,0,0,D,J Moss,19,5,6,4,0,16,9,3,0,3,0,0
E0,2019-11-30T15:00:00.000Z,Liverpool,Brighton,2,1,H,2,0,H,M Atkinson,15,12,7,5,3,10,4,5,0,0,1,0
E0,2019-11-30T15:00:00.000Z,Tottenham,Bournemouth,3,2,H,1,0,H,L Mason,15,20,5,6,10,12,4,8,0,2,0,0
E0,2019-11-30T17:30:00.000Z,Southampton,Watford,2,1,H,0,1,A,M Oliver,11,6,6,3,6,10,6,7,1,0,0,0
E0,2019-12-01T14:00:00.000Z,Norwich,Arsenal,2,2,D,2,1,H,P Tierney,15,16,8,7,8,10,7,12,2,1,0,0
E0,2019-12-01T14:00:00.000Z,Wolves,Sheffield United,1,1,D,0,1,A,D Coote,13,9,3,4,12,18,7,2,1,4,0,0
E0,2019-12-01T16:30:00.000Z,Leicester,Everton,2,1,H,0,1,A,G Scott,16,11,6,3,7,9,4,4,0,1,0,0
E0,2019-12-01T16:30:00.000Z,Man United,Aston Villa,2,2,D,1,1,D,C Pawson,16,9,6,3,16,8,9,9,4,1,0,0
E0,2019-12-03T19:30:00.000Z,Crystal Palace,Bournemouth,1,0,H,0,0,D,A Taylor,7,6,2,3,6,15,6,9,3,3,1,0
E0,2019-12-03T20:15:00.000Z,Burnley,Man City,1,4,A,0,1,A,J Moss,4,17,2,8,9,6,3,6,1,1,0,0
E0,2019-12-04T19:30:00.000Z,Chelsea,Aston Villa,2,1,H,1,1,D,C Kavanagh,25,9,9,3,18,10,9,5,2,1,0,0
E0,2019-12-04T19:30:00.000Z,Leicester,Watford,2,0,H,0,0,D,C Pawson,12,4,6,1,13,16,7,2,3,2,0,0
E0,2019-12-04T19:30:00.000Z,Man United,Tottenham,2,1,H,1,1,D,P Tierney,12,8,7,5,9,9,4,3,0,1,0,0
E0,2019-12-04T19:30:00.000Z,Southampton,Norwich,2,1,H,2,0,H,K Friend,14,10,5,3,12,7,6,1,1,1,0,0
E0,2019-12-04T19:30:00.000Z,Wolves,West Ham,2,0,H,1,0,H,A Marriner,13,6,7,3,8,9,5,4,1,2,0,0
E0,2019-12-04T20:15:00.000Z,Liverpool,Everton,5,2,H,4,2,H,M Dean,11,12,5,4,13,17,5,6,1,2,0,0
E0,2019-12-05T19:30:00.000Z,Sheffield United,Newcastle,0,2,A,0,1,A,S Attwell,13,6,6,4,10,6,8,1,2,0,0,0
E0,2019-12-05T20:15:00.000Z,Arsenal,Brighton,1,2,A,0,1,A,G Scott,12,20,5,9,10,11,9,9,3,1,0,0
E0,2019-12-07T12:30:00.000Z,Everton,Chelsea,3,1,H,1,0,H,C Pawson,13,15,7,4,14,9,1,5,3,0,0,0
E0,2019-12-07T15:00:00.000Z,Bournemouth,Liverpool,0,3,A,0,2,A,C Kavanagh,3,21,0,9,5,6,1,3,0,1,0,0
E0,2019-12-07T15:00:00.000Z,Tottenham,Burnley,5,0,H,3,0,H,K Friend,13,7,7,1,12,8,1,1,1,1,0,0
E0,2019-12-07T15:00:00.000Z,Watford,Crystal Palace,0,0,D,0,0,D,M Atkinson,13,3,3,0,15,16,6,2,4,2,0,0
E0,2019-12-07T17:30:00.000Z,Man City,Man United,1,2,A,0,2,A,A Taylor,22,11,5,7,10,10,16,3,3,2,0,0
E0,2019-12-08T14:00:00.000Z,Aston Villa,Leicester,1,4,A,1,2,A,M Oliver,15,23,2,8,21,15,8,5,6,2,0,0
E0,2019-12-08T14:00:00.000Z,Newcastle,Southampton,2,1,H,0,0,D,D Coote,12,19,6,4,11,17,3,12,1,3,0,0
E0,2019-12-08T14:00:00.000Z,Norwich,Sheffield United,1,2,A,1,0,H,S Hooper,14,9,4,3,6,12,9,1,0,4,0,0
E0,2019-12-08T16:30:00.000Z,Brighton,Wolves,2,2,D,2,2,D,J Moss,13,13,4,5,10,7,3,4,3,0,0,0
E0,2019-12-09T20:00:00.000Z,West Ham,Arsenal,1,3,A,1,0,H,M Dean,11,10,4,3,12,6,4,3,2,0,0,0
E0,2019-12-14T12:30:00.000Z,Liverpool,Watford,2,0,H,1,0,H,A Marriner,16,8,6,2,8,6,6,3,2,1,0,0
E0,2019-12-14T15:00:00.000Z,Burnley,Newcastle,1,0,H,0,0,D,T Robinson,7,9,4,0,15,12,4,3,0,2,0,0
E0,2019-12-14T15:00:00.000Z,Chelsea,Bournemouth,0,1,A,0,0,D,G Scott,18,11,5,2,9,14,9,4,1,2,0,0
E0,2019-12-14T15:00:00.000Z,Leicester,Norwich,1,1,D,1,1,D,A Madley,18,10,5,3,11,15,12,4,0,4,0,0
E0,2019-12-14T15:00:00.000Z,Sheffield United,Aston Villa,2,0,H,0,0,D,P Bankes,7,8,3,0,10,9,3,2,2,2,0,0
E0,2019-12-14T17:30:00.000Z,Southampton,West Ham,0,1,A,0,1,A,M Atkinson,11,11,2,4,9,14,5,8,1,3,0,0
E0,2019-12-15T14:00:00.000Z,Man United,Everton,1,1,D,0,1,A,M Oliver,24,8,8,3,10,12,6,5,1,2,0,0
E0,2019-12-15T14:00:00.000Z,Wolves,Tottenham,1,2,A,0,1,A,S Attwell,18,9,5,5,14,10,11,2,4,4,0,0
E0,2019-12-15T16:30:00.000Z,Arsenal,Man City,0,3,A,0,3,A,P Tierney,6,14,1,7,9,24,3,3,1,4,0,0
E0,2019-12-16T19:45:00.000Z,Crystal Palace,Brighton,1,1,D,0,0,D,C Pawson,11,15,4,10,7,12,3,7,1,1,0,0
E0,2019-12-21T12:30:00.000Z,Everton,Arsenal,0,0,D,0,0,D,K Friend,9,6,0,2,10,11,5,4,2,3,0,0
E0,2019-12-21T15:00:00.000Z,Aston Villa,Southampton,1,3,A,0,2,A,C Pawson,19,17,6,8,16,15,7,5,2,1,0,0
E0,2019-12-21T15:00:00.000Z,Bournemouth,Burnley,0,1,A,0,0,D,M Atkinson,3,2,0,1,13,21,4,5,2,4,0,0
E0,2019-12-21T15:00:00.000Z,Brighton,Sheffield United,0,1,A,0,1,A,R Jones,9,7,2,2,6,11,4,3,1,3,0,0
E0,2019-12-21T15:00:00.000Z,Newcastle,Crystal Palace,1,0,H,0,0,D,S Hooper,8,16,3,4,12,11,4,5,2,0,0,0
E0,2019-12-21T15:00:00.000Z,Norwich,Wolves,1,2,A,1,0,H,P Bankes,13,14,7,4,7,14,3,11,2,4,0,0
E0,2019-12-21T17:30:00.000Z,Man City,Leicester,3,1,H,2,1,H,M Dean,23,5,12,2,14,9,6,1,2,2,0,0
E0,2019-12-22T14:00:00.000Z,Watford,Man United,2,0,H,0,0,D,L Mason,11,17,3,8,16,11,3,5,3,1,0,0
E0,2019-12-22T16:30:00.000Z,Tottenham,Chelsea,0,2,A,0,2,A,A Taylor,5,13,1,3,9,11,3,5,4,3,1,0
E0,2019-12-26T12:30:00.000Z,Tottenham,Brighton,2,1,H,0,1,A,G Scott,11,11,5,5,10,9,9,2,4,2,0,0
E0,2019-12-26T15:00:00.000Z,Aston Villa,Norwich,1,0,H,0,0,D,C Kavanagh,11,16,2,6,15,12,5,8,2,3,0,0
E0,2019-12-26T15:00:00.000Z,Bournemouth,Arsenal,1,1,D,1,0,H,S Attwell,12,17,4,2,5,13,8,3,4,4,0,0
E0,2019-12-26T15:00:00.000Z,Chelsea,Southampton,0,2,A,0,1,A,J Moss,10,5,3,3,10,9,8,1,3,2,0,0
E0,2019-12-26T15:00:00.000Z,Crystal Palace,West Ham,2,1,H,0,0,D,A Marriner,13,10,4,2,5,10,7,6,0,2,0,0
E0,2019-12-26T15:00:00.000Z,Everton,Burnley,1,0,H,0,0,D,A Taylor,21,6,5,0,15,14,10,2,0,0,0,0
E0,2019-12-26T15:00:00.000Z,Sheffield United,Watford,1,1,D,1,1,D,D Coote,16,5,4,2,11,8,9,1,1,3,0,0
E0,2019-12-26T17:30:00.000Z,Man United,Newcastle,4,1,H,3,1,H,K Friend,22,7,10,2,10,7,5,0,2,2,0,0
E0,2019-12-26T20:00:00.000Z,Leicester,Liverpool,0,4,A,0,1,A,M Oliver,3,15,0,6,5,7,2,8,1,1,0,0
E0,2019-12-27T19:45:00.000Z,Wolves,Man City,3,2,H,0,1,A,M Atkinson,20,7,8,3,7,13,3,1,0,1,0,1
E0,2019-12-28T12:30:00.000Z,Brighton,Bournemouth,2,0,H,1,0,H,P Tierney,16,10,6,2,8,11,9,2,0,2,0,0
E0,2019-12-28T15:00:00.000Z,Newcastle,Everton,1,2,A,0,1,A,L Mason,20,22,5,9,13,13,5,8,2,2,0,0
E0,2019-12-28T15:00:00.000Z,Southampton,Crystal Palace,1,1,D,0,0,D,A Madley,14,5,5,2,13,7,12,4,1,2,0,0
E0,2019-12-28T15:00:00.000Z,Watford,Aston Villa,3,0,H,1,0,H,S Hooper,20,11,6,2,16,9,6,3,3,1,1,0
E0,2019-12-28T17:30:00.000Z,Norwich,Tottenham,2,2,D,1,0,H,K Friend,5,15,2,7,12,10,4,6,3,3,0,0
E0,2019-12-28T17:30:00.000Z,West Ham,Leicester,1,2,A,1,1,D,D Coote,14,13,4,8,16,4,5,5,4,1,0,0
E0,2019-12-28T19:45:00.000Z,Burnley,Man United,0,2,A,0,1,A,M Dean,8,14,1,5,17,10,5,4,4,3,0,0
E0,2019-12-29T14:00:00.000Z,Arsenal,Chelsea,1,2,A,1,0,H,C Pawson,7,13,2,4,13,19,2,3,5,4,0,0
E0,2019-12-29T16:30:00.000Z,Liverpool,Wolves,1,0,H,1,0,H,A Taylor,10,10,3,2,7,3,5,6,1,0,0,0
E0,2019-12-29T18:00:00.000Z,Man City,Sheffield United,2,0,H,0,0,D,C Kavanagh,16,8,4,0,5,6,8,5,1,1,0,0
E0,2020-01-01T12:30:00.000Z,Brighton,Chelsea,1,1,D,0,1,A,S Attwell,16,16,5,5,8,15,5,3,2,3,0,0
E0,2020-01-01T12:30:00.000Z,Burnley,Aston Villa,1,2,A,0,2,A,M Oliver,20,11,1,6,12,10,8,4,1,1,0,0
E0,2020-01-01T15:00:00.000Z,Newcastle,Leicester,0,3,A,0,2,A,M Atkinson,5,17,2,10,8,12,4,5,1,1,0,0
E0,2020-01-01T15:00:00.000Z,Southampton,Tottenham,1,0,H,1,0,H,M Dean,12,11,3,5,21,8,6,9,3,4,0,0
E0,2020-01-01T15:00:00.000Z,Watford,Wolves,2,1,H,1,0,H,A Madley,9,16,3,4,12,6,4,7,3,1,1,0
E0,2020-01-01T17:30:00.000Z,Man City,Everton,2,1,H,0,0,D,A Marriner,16,7,7,2,11,11,3,6,0,4,0,0
E0,2020-01-01T17:30:00.000Z,Norwich,Crystal Palace,1,1,D,1,0,H,J Moss,15,12,4,3,12,9,2,5,5,0,0,0
E0,2020-01-01T17:30:00.000Z,West Ham,Bournemouth,4,0,H,3,0,H,G Scott,14,3,7,2,3,12,9,2,1,2,0,0
E0,2020-01-01T20:00:00.000Z,Arsenal,Man United,2,0,H,2,0,H,C Kavanagh,10,10,4,4,11,15,1,4,2,0,0,0
E0,2020-01-02T20:00:00.000Z,Liverpool,Sheffield United,2,0,H,1,0,H,P Tierney,19,3,7,2,5,8,8,4,0,0,0,0
E0,2020-01-10T20:00:00.000Z,Sheffield United,West Ham,1,0,H,0,0,D,M Oliver,13,7,3,2,11,6,7,3,1,0,0,0
E0,2020-01-11T12:30:00.000Z,Crystal Palace,Arsenal,1,1,D,0,1,A,P Tierney,6,7,3,4,14,22,1,4,2,3,0,1
E0,2020-01-11T15:00:00.000Z,Chelsea,Burnley,3,0,H,2,0,H,K Friend,18,7,8,2,7,4,10,3,0,3,0,0
E0,2020-01-11T15:00:00.000Z,Everton,Brighton,1,0,H,1,0,H,D Coote,14,9,6,2,7,7,4,3,2,1,0,0
E0,2020-01-11T15:00:00.000Z,Leicester,Southampton,1,2,A,1,1,D,L Mason,5,16,5,10,9,17,2,4,0,3,0,0
E0,2020-01-11T15:00:00.000Z,Man United,Norwich,4,0,H,1,0,H,A Taylor,13,8,6,3,18,7,4,2,0,0,0,0
E0,2020-01-11T15:00:00.000Z,Wolves,Newcastle,1,1,D,1,1,D,P Bankes,9,5,4,1,13,12,5,2,0,3,0,0
E0,2020-01-11T17:30:00.000Z,Tottenham,Liverpool,0,1,A,0,1,A,M Atkinson,14,13,4,7,4,8,4,3,0,2,0,0
E0,2020-01-12T14:00:00.000Z,Bournemouth,Watford,0,3,A,0,1,A,M Dean,10,18,1,6,3,13,5,5,1,1,0,0
E0,2020-01-12T16:30:00.000Z,Aston Villa,Man City,1,6,A,0,4,A,J Moss,7,22,1,12,5,12,2,4,2,1,0,0
E0,2020-01-18T12:30:00.000Z,Watford,Tottenham,0,0,D,0,0,D,M Oliver,15,17,2,5,13,13,3,3,2,3,0,0
E0,2020-01-18T15:00:00.000Z,Arsenal,Sheffield United,1,1,D,1,0,H,M Dean,11,12,4,4,9,13,4,5,1,2,0,0
E0,2020-01-18T15:00:00.000Z,Brighton,Aston Villa,1,1,D,1,0,H,A Madley,10,8,2,3,11,13,3,4,3,3,0,0
E0,2020-01-18T15:00:00.000Z,Man City,Crystal Palace,2,2,D,0,1,A,S Scott,25,5,6,3,9,7,14,2,1,2,0,0
E0,2020-01-18T15:00:00.000Z,Norwich,Bournemouth,1,0,H,1,0,H,P Tierney,16,6,5,3,10,10,4,5,2,2,1,1
E0,2020-01-18T15:00:00.000Z,Southampton,Wolves,2,3,A,2,0,H,D England,11,8,5,4,13,12,1,3,2,1,0,0
E0,2020-01-18T15:00:00.000Z,West Ham,Everton,1,1,D,1,1,D,A Marriner,12,11,6,3,11,13,7,6,1,0,0,0
E0,2020-01-18T17:30:00.000Z,Newcastle,Chelsea,1,0,H,0,0,D,C Kavanagh,7,19,2,4,9,14,1,10,1,1,0,0
E0,2020-01-19T14:00:00.000Z,Burnley,Leicester,2,1,H,0,1,A,A Taylor,8,18,5,8,14,8,4,5,1,0,0,0
E0,2020-01-19T16:30:00.000Z,Liverpool,Man United,2,0,H,1,0,H,C Pawson,16,9,5,4,7,10,11,5,1,3,0,0
E0,2020-01-21T19:30:00.000Z,Aston Villa,Watford,2,1,H,0,1,A,M Atkinson,16,8,5,2,11,18,6,3,2,2,0,0
E0,2020-01-21T19:30:00.000Z,Bournemouth,Brighton,3,1,H,2,0,H,K Friend,11,21,3,8,9,12,5,8,1,1,0,0
E0,2020-01-21T19:30:00.000Z,Crystal Palace,Southampton,0,2,A,0,1,A,A Marriner,6,15,0,6,12,13,0,8,1,2,0,0
E0,2020-01-21T19:30:00.000Z,Everton,Newcastle,2,2,D,1,0,H,S Hooper,17,8,8,2,13,10,6,4,1,1,0,0
E0,2020-01-21T19:30:00.000Z,Sheffield United,Man City,0,1,A,0,0,D,L Mason,4,18,1,5,13,13,5,13,4,3,0,0
E0,2020-01-21T20:15:00.000Z,Chelsea,Arsenal,2,2,D,1,0,H,S Attwell,19,2,8,2,11,6,17,5,2,1,0,1
E0,2020-01-22T19:30:00.000Z,Leicester,West Ham,4,1,H,2,0,H,D Coote,19,6,8,2,10,19,7,8,1,1,0,0
E0,2020-01-22T19:30:00.000Z,Tottenham,Norwich,2,1,H,1,0,H,C Kavanagh,14,12,3,2,12,7,7,3,0,1,0,0
E0,2020-01-22T20:15:00.000Z,Man United,Burnley,0,2,A,0,1,A,J Moss,24,5,7,2,11,7,5,2,0,2,0,0
E0,2020-01-23T20:00:00.000Z,Wolves,Liverpool,1,2,A,0,1,A,M Oliver,10,13,3,6,6,11,2,4,0,1,0,0
E0,2020-01-29T19:45:00.000Z,West Ham,Liverpool,0,2,A,0,1,A,J Moss,7,13,4,5,6,6,3,7,2,0,0,0
E0,2020-02-01T12:30:00.000Z,Leicester,Chelsea,2,2,D,0,0,D,L Mason,14,7,4,3,16,14,4,6,2,2,0,0
E0,2020-02-01T15:00:00.000Z,Bournemouth,Aston Villa,2,1,H,2,0,H,A Taylor,16,18,6,5,10,15,1,8,1,3,1,0
E0,2020-02-01T15:00:00.000Z,Crystal Palace,Sheffield United,0,1,A,0,0,D,A Madley,13,10,3,3,9,15,9,5,3,2,0,0
E0,2020-02-01T15:00:00.000Z,Liverpool,Southampton,4,0,H,0,0,D,K Friend,16,17,9,4,9,15,6,11,0,2,0,0
E0,2020-02-01T15:00:00.000Z,Newcastle,Norwich,0,0,D,0,0,D,M Atkinson,15,19,5,4,10,15,8,12,2,1,0,0
E0,2020-02-01T15:00:00.000Z,Watford,Everton,2,3,A,2,2,D,C Pawson,11,12,2,5,17,14,4,4,2,2,0,1
E0,2020-02-01T15:00:00.000Z,West Ham,Brighton,3,3,D,2,0,H,M Oliver,12,19,6,6,8,9,4,6,1,1,0,0
E0,2020-02-01T17:30:00.000Z,Man United,Wolves,0,0,D,0,0,D,P Tierney,15,14,5,3,14,15,4,6,3,2,0,0
E0,2020-02-02T14:00:00.000Z,Burnley,Arsenal,0,0,D,0,0,D,C Kavanagh,15,13,2,2,8,11,5,7,1,3,0,0
E0,2020-02-02T16:30:00.000Z,Tottenham,Man City,2,0,H,0,0,D,M Dean,3,18,3,5,8,14,2,6,2,3,0,1
E0,2020-02-08T12:30:00.000Z,Everton,Crystal Palace,3,1,H,1,0,H,D Coote,14,10,8,2,11,12,4,6,0,1,0,0
E0,2020-02-08T17:30:00.000Z,Brighton,Watford,1,1,D,0,1,A,K Friend,10,5,2,2,9,12,3,2,2,2,0,0
E0,2020-02-09T14:00:00.000Z,Sheffield United,Bournemouth,2,1,H,1,1,D,J Moss,16,10,6,2,10,8,8,4,2,2,0,0
E0,2020-02-14T20:00:00.000Z,Wolves,Leicester,0,0,D,0,0,D,M Dean,15,9,3,3,13,10,7,0,2,2,0,1
E0,2020-02-15T12:30:00.000Z,Southampton,Burnley,1,2,A,1,1,D,S Hooper,10,9,2,6,8,11,4,3,2,2,0,0
E0,2020-02-15T17:30:00.000Z,Norwich,Liverpool,0,1,A,0,0,D,S Attwell,5,17,1,6,5,11,2,7,1,2,0,0
E0,2020-02-16T14:00:00.000Z,Aston Villa,Tottenham,2,3,A,1,2,A,M Atkinson,18,23,4,10,12,10,12,7,2,0,0,0
E0,2020-02-16T16:30:00.000Z,Arsenal,Newcastle,4,0,H,0,0,D,L Mason,15,10,7,2,15,9,5,6,2,0,0,0
E0,2020-02-17T20:00:00.000Z,Chelsea,Man United,0,2,A,0,1,A,A Taylor,17,9,1,3,11,11,9,8,4,3,0,0
E0,2020-02-19T19:30:00.000Z,Man City,West Ham,2,0,H,1,0,H,K Friend,20,3,7,0,5,7,6,1,0,1,0,0
E0,2020-02-22T12:30:00.000Z,Chelsea,Tottenham,2,1,H,1,0,H,M Oliver,17,5,7,3,14,14,3,5,1,2,0,0
E0,2020-02-22T15:00:00.000Z,Burnley,Bournemouth,3,0,H,0,0,D,M Dean,16,12,10,4,9,9,7,3,4,3,0,0
E0,2020-02-22T15:00:00.000Z,Crystal Palace,Newcastle,1,0,H,1,0,H,P Bankes,18,8,9,2,15,11,7,5,2,6,0,1
E0,2020-02-22T15:00:00.000Z,Sheffield United,Brighton,1,1,D,1,1,D,G Scott,14,8,3,2,3,6,12,2,0,2,0,0
E0,2020-02-22T15:00:00.000Z,Southampton,Aston Villa,2,0,H,1,0,H,C Pawson,28,4,9,1,13,17,9,6,1,4,0,0
E0,2020-02-22T17:30:00.000Z,Leicester,Man City,0,1,A,0,0,D,P Tierney,10,18,3,7,14,10,3,7,0,0,0,0
E0,2020-02-23T14:00:00.000Z,Man United,Watford,3,0,H,1,0,H,M Atkinson,21,7,9,2,6,15,3,5,0,1,0,0
E0,2020-02-23T14:00:00.000Z,Wolves,Norwich,3,0,H,2,0,H,C Kavanagh,19,6,6,4,11,6,4,1,2,3,0,0
E0,2020-02-23T16:30:00.000Z,Arsenal,Everton,3,2,H,2,2,D,S Attwell,9,17,4,5,12,12,6,3,0,4,0,0
E0,2020-02-24T20:00:00.000Z,Liverpool,West Ham,3,2,H,1,1,D,J Moss,25,7,7,4,4,10,16,8,0,3,0,0
E0,2020-02-28T20:00:00.000Z,Norwich,Leicester,1,0,H,0,0,D,C Pawson,11,19,6,4,13,16,6,7,1,2,0,0
E0,2020-02-29T12:30:00.000Z,Brighton,Crystal Palace,0,1,A,0,0,D,M Atkinson,24,12,8,3,8,9,8,7,1,1,0,0
E0,2020-02-29T15:00:00.000Z,Bournemouth,Chelsea,2,2,D,0,1,A,A Marriner,9,23,5,6,8,5,4,14,2,2,0,0
E0,2020-02-29T15:00:00.000Z,Newcastle,Burnley,0,0,D,0,0,D,A Madley,21,8,4,1,11,9,11,7,4,3,0,0
E0,2020-02-29T15:00:00.000Z,West Ham,Southampton,3,1,H,2,1,H,A Taylor,14,10,7,2,8,11,4,9,1,1,0,0
E0,2020-02-29T17:30:00.000Z,Watford,Liverpool,3,0,H,0,0,D,M Oliver,14,7,5,1,4,8,3,5,0,0,0,0
E0,2020-03-01T14:00:00.000Z,Everton,Man United,1,1,D,1,1,D,C Kavanagh,16,14,5,5,11,11,13,8,3,4,0,0
E0,2020-03-01T14:00:00.000Z,Tottenham,Wolves,2,3,A,2,1,H,S Attwell,13,14,5,4,12,14,4,5,3,2,0,0
E0,2020-03-07T12:30:00.000Z,Liverpool,Bournemouth,2,1,H,2,1,H,P Tierney,14,6,6,4,10,12,9,4,0,1,0,0
E0,2020-03-07T15:00:00.000Z,Arsenal,West Ham,1,0,H,0,0,D,M Atkinson,9,14,2,6,11,9,6,7,1,2,0,0
E0,2020-03-07T15:00:00.000Z,Crystal Palace,Watford,1,0,H,1,0,H,A Taylor,10,10,3,4,12,19,8,8,4,4,0,0
E0,2020-03-07T15:00:00.000Z,Sheffield United,Norwich,1,0,H,1,0,H,S Hooper,10,12,4,5,12,8,10,5,0,0,0,0
E0,2020-03-07T15:00:00.000Z,Southampton,Newcastle,0,1,A,0,0,D,G Scott,6,14,3,7,14,15,5,8,0,3,1,0
E0,2020-03-07T15:00:00.000Z,Wolves,Brighton,0,0,D,0,0,D,A Marriner,11,7,1,1,4,7,2,0,1,3,0,0
E0,2020-03-07T17:30:00.000Z,Burnley,Tottenham,1,1,D,1,0,H,J Moss,21,13,8,2,16,11,3,5,5,4,0,0
E0,2020-03-08T14:00:00.000Z,Chelsea,Everton,4,0,H,2,0,H,K Friend,17,3,11,1,8,10,6,1,1,2,0,0
E0,2020-03-08T16:30:00.000Z,Man United,Man City,2,0,H,1,0,H,M Dean,12,7,6,2,11,9,2,11,2,4,0,0
E0,2020-03-09T20:00:00.000Z,Leicester,Aston Villa,4,0,H,1,0,H,M Oliver,15,4,7,1,15,12,9,0,2,1,0,0
E0,2020-06-17T18:00:00.000Z,Aston Villa,Sheffield United,0,0,D,0,0,D,M Oliver,14,5,6,1,11,14,12,4,1,1,0,0
E0,2020-06-17T20:15:00.000Z,Man City,Arsenal,3,0,H,1,0,H,A Taylor,20,3,12,0,9,7,5,2,1,1,0,1
E0,2020-06-19T18:00:00.000Z,Norwich,Southampton,0,3,A,0,0,D,K Friend,9,22,1,9,9,15,9,7,1,1,0,0
E0,2020-06-19T20:15:00.000Z,Tottenham,Man United,1,1,D,1,0,H,J Moss,10,12,3,6,17,18,7,6,0,1,0,0
E0,2020-06-20T12:30:00.000Z,Watford,Leicester,1,1,D,0,0,D,C Pawson,8,15,4,2,15,12,2,7,0,1,0,0
E0,2020-06-20T15:00:00.000Z,Brighton,Arsenal,2,1,H,0,0,D,M Atkinson,9,13,5,6,13,8,10,7,2,1,0,0
E0,2020-06-20T17:30:00.000Z,West Ham,Wolves,0,2,A,0,0,D,A Taylor,7,10,2,6,8,7,5,7,1,1,0,0
E0,2020-06-20T19:45:00.000Z,Bournemouth,Crystal Palace,0,2,A,0,2,A,S Attwell,12,7,1,2,13,15,11,4,3,2,0,0
E0,2020-06-21T14:00:00.000Z,Newcastle,Sheffield United,3,0,H,0,0,D,D Coote,12,7,8,1,9,10,2,4,2,0,0,1
E0,2020-06-21T16:15:00.000Z,Aston Villa,Chelsea,1,2,A,1,0,H,P Tierney,8,19,4,5,9,17,2,10,2,1,0,0
E0,2020-06-21T19:00:00.000Z,Everton,Liverpool,0,0,D,0,0,D,M Dean,9,10,3,3,15,12,1,6,2,2,0,0
E0,2020-06-22T20:00:00.000Z,Man City,Burnley,5,0,H,3,0,H,A Marriner,19,1,7,0,8,7,3,1,1,1,0,0
E0,2020-06-23T18:00:00.000Z,Leicester,Brighton,0,0,D,0,0,D,L Mason,11,10,2,2,10,13,6,7,2,2,0,0
E0,2020-06-23T20:15:00.000Z,Tottenham,West Ham,2,0,H,0,0,D,C Pawson,15,10,4,2,12,7,9,4,2,2,0,0
E0,2020-06-24T18:00:00.000Z,Man United,Sheffield United,3,0,H,2,0,H,A Taylor,15,4,6,1,10,6,10,5,1,0,0,0
E0,2020-06-24T18:00:00.000Z,Newcastle,Aston Villa,1,1,D,0,0,D,C Kavanagh,13,14,3,2,15,13,6,9,2,2,0,0
E0,2020-06-24T18:00:00.000Z,Norwich,Everton,0,1,A,0,0,D,A Madley,9,12,1,5,8,13,6,5,0,1,0,0
E0,2020-06-24T18:00:00.000Z,Wolves,Bournemouth,1,0,H,0,0,D,M Oliver,10,4,2,0,11,11,6,4,3,3,0,0
E0,2020-06-24T20:15:00.000Z,Liverpool,Crystal Palace,4,0,H,2,0,H,M Atkinson,21,3,7,0,7,5,6,0,0,0,0,0
E0,2020-06-25T18:00:00.000Z,Burnley,Watford,1,0,H,0,0,D,M Dean,9,10,5,4,13,15,1,7,1,0,0,0
E0,2020-06-25T18:00:00.000Z,Southampton,Arsenal,0,2,A,0,1,A,G Scott,12,10,3,5,10,14,4,6,0,2,1,0
E0,2020-06-25T20:15:00.000Z,Chelsea,Man City,2,1,H,1,0,H,S Attwell,15,11,10,2,13,3,5,7,1,1,0,1
E0,2020-06-27T12:30:00.000Z,Aston Villa,Wolves,0,1,A,0,0,D,C Pawson,11,9,1,2,16,16,2,2,1,1,0,0
E0,2020-06-28T16:30:00.000Z,Watford,Southampton,1,3,A,0,1,A,M Oliver,8,11,0,7,18,9,5,3,3,0,0,0
E0,2020-06-29T20:00:00.000Z,Crystal Palace,Burnley,0,1,A,0,0,D,S Hooper,17,8,4,4,12,13,9,1,1,1,0,0
E0,2020-06-30T20:15:00.000Z,Brighton,Man United,0,3,A,0,2,A,A Marriner,8,12,2,6,10,9,4,5,0,1,0,0
E0,2020-07-01T18:00:00.000Z,Arsenal,Norwich,4,0,H,2,0,H,P Bankes,13,8,8,2,10,10,6,2,1,4,0,0
E0,2020-07-01T18:00:00.000Z,Bournemouth,Newcastle,1,4,A,0,2,A,K Friend,12,12,1,7,11,10,6,3,2,0,0,0
E0,2020-07-01T18:00:00.000Z,Everton,Leicester,2,1,H,2,0,H,D Coote,7,15,2,3,13,10,3,5,1,1,0,0
E0,2020-07-01T20:15:00.000Z,West Ham,Chelsea,3,2,H,1,1,D,M Atkinson,10,17,4,6,10,9,2,3,2,1,0,0
E0,2020-07-02T18:00:00.000Z,Sheffield United,Tottenham,3,1,H,1,0,H,C Kavanagh,7,9,5,2,13,13,1,6,2,0,0,0
E0,2020-07-02T20:15:00.000Z,Man City,Liverpool,4,0,H,3,0,H,A Taylor,14,11,6,3,8,7,3,3,2,2,0,0
E0,2020-07-04T12:30:00.000Z,Norwich,Brighton,0,1,A,0,1,A,S Attwell,12,8,1,2,11,13,0,2,2,2,0,0
E0,2020-07-04T15:00:00.000Z,Leicester,Crystal Palace,3,0,H,0,0,D,J Moss,15,7,4,1,18,8,3,7,2,1,0,0
E0,2020-07-04T15:00:00.000Z,Man United,Bournemouth,5,2,H,3,1,H,M Dean,19,7,10,3,13,12,8,3,0,1,0,0
E0,2020-07-04T17:30:00.000Z,Wolves,Arsenal,0,2,A,0,1,A,M Oliver,10,8,1,5,6,11,3,5,2,4,0,0
E0,2020-07-04T20:00:00.000Z,Chelsea,Watford,3,0,H,2,0,H,K Friend,21,7,9,3,9,12,5,3,0,2,0,0
E0,2020-07-05T12:00:00.000Z,Burnley,Sheffield United,1,1,D,1,0,H,P Bankes,9,10,4,3,8,14,3,9,0,0,0,0
E0,2020-07-05T14:15:00.000Z,Newcastle,West Ham,2,2,D,1,1,D,C Pawson,11,17,4,7,9,11,6,4,0,0,0,0
E0,2020-07-05T16:30:00.000Z,Liverpool,Aston Villa,2,0,H,0,0,D,P Tierney,6,9,4,3,18,8,7,5,1,1,0,0
E0,2020-07-05T19:00:00.000Z,Southampton,Man City,1,0,H,1,0,H,A Marriner,8,26,4,6,6,7,2,13,1,2,0,0
E0,2020-07-06T20:00:00.000Z,Tottenham,Everton,1,0,H,1,0,H,G Scott,12,11,2,3,14,18,5,6,3,2,0,0
E0,2020-07-07T18:00:00.000Z,Crystal Palace,Chelsea,2,3,A,1,2,A,D Coote,13,14,4,6,11,10,7,9,1,0,0,0
E0,2020-07-07T18:00:00.000Z,Watford,Norwich,2,1,H,1,1,D,A Taylor,9,12,4,3,11,15,4,3,2,4,0,0
E0,2020-07-07T20:15:00.000Z,Arsenal,Leicester,1,1,D,1,0,H,C Kavanagh,11,13,7,5,10,14,10,1,1,0,1,0
E0,2020-07-08T18:00:00.000Z,Man City,Newcastle,5,0,H,2,0,H,A Madley,23,6,9,1,12,7,8,1,0,0,0,0
E0,2020-07-08T18:00:00.000Z,Sheffield United,Wolves,1,0,H,0,0,D,M Atkinson,7,6,3,1,5,6,6,1,2,0,0,0
E0,2020-07-08T18:00:00.000Z,West Ham,Burnley,0,1,A,0,1,A,M Oliver,21,8,5,4,7,7,10,3,1,1,0,0
E0,2020-07-08T20:15:00.000Z,Brighton,Liverpool,1,3,A,1,2,A,C Pawson,12,19,2,8,7,15,6,10,1,4,0,0
E0,2020-07-09T18:00:00.000Z,Bournemouth,Tottenham,0,0,D,0,0,D,P Tierney,9,9,2,0,11,14,8,12,3,2,0,0
E0,2020-07-09T18:00:00.000Z,Everton,Southampton,1,1,D,1,1,D,L Mason,11,17,4,4,13,14,3,5,3,3,0,0
E0,2020-07-09T20:15:00.000Z,Aston Villa,Man United,0,3,A,0,2,A,J Moss,9,14,1,6,7,13,3,5,2,3,0,0
E0,2020-07-11T12:30:00.000Z,Norwich,West Ham,0,4,A,0,2,A,K Friend,11,19,2,7,9,8,1,6,1,0,0,0
E0,2020-07-11T12:30:00.000Z,Watford,Newcastle,2,1,H,0,1,A,C Pawson,17,8,5,4,23,15,2,4,1,4,0,0
E0,2020-07-11T15:00:00.000Z,Liverpool,Burnley,1,1,D,1,0,H,D Coote,23,6,9,2,7,4,12,6,1,2,0,0
E0,2020-07-11T17:30:00.000Z,Sheffield United,Chelsea,3,0,H,2,0,H,A Marriner,9,15,4,4,8,6,4,6,1,0,0,0
E0,2020-07-11T20:00:00.000Z,Brighton,Man City,0,5,A,0,2,A,G Scott,3,26,0,8,7,3,2,7,1,0,0,0
E0,2020-07-12T12:00:00.000Z,Wolves,Everton,3,0,H,1,0,H,A Taylor,14,6,7,2,9,9,5,2,0,2,0,0
E0,2020-07-12T14:15:00.000Z,Aston Villa,Crystal Palace,2,0,H,1,0,H,M Atkinson,12,9,9,5,21,21,5,1,2,4,0,1
E0,2020-07-12T16:30:00.000Z,Tottenham,Arsenal,2,1,H,1,1,D,M Oliver,15,13,9,4,16,11,6,5,5,3,0,0
E0,2020-07-12T19:00:00.000Z,Bournemouth,Leicester,4,1,H,0,1,A,S Attwell,10,13,4,5,11,12,2,6,2,1,0,1
E0,2020-07-13T20:00:00.000Z,Man United,Southampton,2,2,D,2,1,H,C Kavanagh,8,9,4,5,14,15,4,6,1,3,0,0
E0,2020-07-14T20:15:00.000Z,Chelsea,Norwich,1,0,H,1,0,H,J Moss,22,2,6,0,10,9,8,1,2,2,0,0
E0,2020-07-15T18:00:00.000Z,Burnley,Wolves,1,1,D,0,0,D,M Dean,9,14,1,5,10,8,3,8,0,0,0,0
E0,2020-07-15T18:00:00.000Z,Man City,Bournemouth,2,1,H,2,0,H,L Mason,8,15,4,3,10,10,3,5,1,1,0,0
E0,2020-07-15T18:00:00.000Z,Newcastle,Tottenham,1,3,A,0,1,A,D Coote,22,8,6,5,6,13,5,4,2,3,0,0
E0,2020-07-15T20:15:00.000Z,Arsenal,Liverpool,2,1,H,2,1,H,P Tierney,3,24,2,8,14,10,2,13,3,1,0,0
E0,2020-07-16T18:00:00.000Z,Everton,Aston Villa,1,1,D,0,0,D,A Taylor,9,15,1,1,15,13,5,5,2,1,0,0
E0,2020-07-16T18:00:00.000Z,Leicester,Sheffield United,2,0,H,1,0,H,M Oliver,15,5,7,1,12,10,9,5,1,2,0,0
E0,2020-07-16T20:15:00.000Z,Crystal Palace,Man United,0,2,A,0,1,A,G Scott,13,17,5,5,10,15,2,7,1,2,0,0
E0,2020-07-16T20:15:00.000Z,Southampton,Brighton,1,1,D,0,1,A,A Marriner,21,10,6,2,6,10,8,2,1,0,0,0
E0,2020-07-17T20:00:00.000Z,West Ham,Watford,3,1,H,3,0,H,M Atkinson,10,14,4,3,11,11,9,3,0,2,0,0
E0,2020-07-18T17:30:00.000Z,Norwich,Burnley,0,2,A,0,1,A,K Friend,6,23,2,8,9,16,6,8,0,0,2,0
E0,2020-07-19T14:00:00.000Z,Bournemouth,Southampton,0,2,A,0,1,A,C Pawson,11,16,3,8,12,11,12,6,2,2,0,0
E0,2020-07-19T16:00:00.000Z,Tottenham,Leicester,3,0,H,3,0,H,A Taylor,7,24,3,6,15,10,4,13,2,1,0,0
E0,2020-07-20T18:00:00.000Z,Brighton,Newcastle,0,0,D,0,0,D,S Hooper,11,12,3,1,13,12,9,7,4,2,0,0
E0,2020-07-20T18:00:00.000Z,Sheffield United,Everton,0,1,A,0,0,D,S Attwell,8,5,0,2,11,19,7,1,1,3,0,0
E0,2020-07-20T20:15:00.000Z,Wolves,Crystal Palace,2,0,H,1,0,H,P Bankes,11,7,5,3,11,15,5,2,2,1,0,0
E0,2020-07-21T18:00:00.000Z,Watford,Man City,0,4,A,0,2,A,M Oliver,2,26,0,10,14,11,0,8,2,0,0,0
E0,2020-07-21T20:15:00.000Z,Aston Villa,Arsenal,1,0,H,1,0,H,C Kavanagh,8,7,3,0,13,19,8,9,2,4,0,0
E0,2020-07-22T18:00:00.000Z,Man United,West Ham,1,1,D,0,1,A,P Tierney,11,12,4,3,10,9,2,3,3,1,0,0
E0,2020-07-22T20:15:00.000Z,Liverpool,Chelsea,5,3,H,3,1,H,A Marriner,10,10,7,5,8,11,6,0,1,0,0,0
E0,2020-07-26T16:00:00.000Z,Arsenal,Watford,3,2,H,3,1,H,M Dean,13,19,5,6,9,12,4,8,3,3,0,0
E0,2020-07-26T16:00:00.000Z,Burnley,Brighton,1,2,A,1,1,D,J Moss,13,14,2,4,11,11,6,7,3,0,0,0
E0,2020-07-26T16:00:00.000Z,Chelsea,Wolves,2,0,H,2,0,H,S Attwell,11,5,3,1,10,16,3,3,2,3,0,0
E0,2020-07-26T16:00:00.000Z,Crystal Palace,Tottenham,1,1,D,0,1,A,A Marriner,13,7,2,2,11,13,7,2,3,2,0,0
E0,2020-07-26T16:00:00.000Z,Everton,Bournemouth,1,3,A,1,2,A,C Kavanagh,13,13,5,7,11,9,2,5,1,0,0,0
E0,2020-07-26T16:00:00.000Z,Leicester,Man United,0,2,A,0,0,D,M Atkinson,14,7,3,3,12,11,3,3,1,4,1,0
E0,2020-07-26T16:00:00.000Z,Man City,Norwich,5,0,H,2,0,H,C Pawson,31,5,10,4,7,4,9,0,1,1,0,0
E0,2020-07-26T16:00:00.000Z,Newcastle,Liverpool,1,3,A,1,1,D,A Taylor,3,14,2,6,11,5,2,4,1,0,0,0
E0,2020-07-26T16:00:00.000Z,Southampton,Sheffield United,3,1,H,0,1,A,P Bankes,13,5,4,3,9,16,9,1,0,1,0,0
E0,2020-07-26T16:00:00.000Z,West Ham,Aston Villa,1,1,D,0,0,D,M Oliver,10,13,1,4,16,13,0,7,2,1,0,0
